snapped_at,price,market_cap,total_volume
2023-04-12 00:00:00 UTC,64.92371626267197,0.0,6349.236779365917
2023-04-13 00:00:00 UTC,64.92371626267197,0.0,6349.236779365917
2023-04-14 00:00:00 UTC,65.7510334261284,0.0,6048.587562550587
2023-04-15 00:00:00 UTC,64.78482787246821,0.0,12128.578648285262
2023-04-16 00:00:00 UTC,64.69320161733592,0.0,12510.883759318462
2023-04-17 00:00:00 UTC,64.52326521830071,0.0,11869.386844835068
2023-04-18 00:00:00 UTC,64.39760448584391,0.0,13197.899958411914
2023-04-19 00:00:00 UTC,64.5355855890761,0.0,11985.003615204267
2023-04-20 00:00:00 UTC,64.34714708193916,0.0,13317.447470876457
2023-04-21 00:00:00 UTC,64.4041692018004,0.0,12564.338872128985
2023-04-22 00:00:00 UTC,63.78878087330862,0.0,12822.479592680684
2023-04-23 00:00:00 UTC,63.648992800591174,0.0,21029.310503515782
2023-04-24 00:00:00 UTC,63.829095984889385,0.0,70644.7953707855
2023-04-25 00:00:00 UTC,64.30449299631184,0.0,193222.7020665348
2023-04-26 00:00:00 UTC,64.61052066408094,0.0,262635.92573261267
2023-04-27 00:00:00 UTC,64.01162256932466,0.0,1027633.2482371498
2023-04-28 00:00:00 UTC,63.895296283082274,78954548.61883172,2921486.710272336
2023-04-29 00:00:00 UTC,64.5811824914217,79854885.20581599,945021.624691459
2023-04-30 00:00:00 UTC,64.09692522226977,79261415.48504831,77216.64286473946
2023-05-01 00:00:00 UTC,64.02806745119521,79004083.44242196,31228.01632526804
2023-05-02 00:00:00 UTC,63.76927659902976,77337027.01490712,114433.32041994053
2023-05-03 00:00:00 UTC,64.84051406436828,78472249.35736763,226592.52450977315
2023-05-04 00:00:00 UTC,65.97034836751406,80127090.93933995,1841221.2672560234
2023-05-05 00:00:00 UTC,65.86609306831646,80021612.76792027,1312590.5911483457
2023-05-06 00:00:00 UTC,64.8564239222693,78803754.49649453,156029.87400507514
2023-05-07 00:00:00 UTC,65.39828650174918,79177632.28084856,58723.154557404574
2023-05-08 00:00:00 UTC,64.87451239391164,78679796.85534579,23370.67329587199
2023-05-09 00:00:00 UTC,65.05163992146875,79063814.76370873,141145.64499634923
2023-05-10 00:00:00 UTC,65.50596927338528,79661323.76579376,131401.57101344343
2023-05-11 00:00:00 UTC,65.38513967558741,79468320.57069388,119055.08463975282
2023-05-12 00:00:00 UTC,64.84604142622923,78865198.69870684,165669.5407094795
2023-05-13 00:00:00 UTC,64.73469823791018,79224202.39830004,563540.1882378638
2023-05-14 00:00:00 UTC,64.60583861517583,79172733.84892857,14558.973571050978
2023-05-15 00:00:00 UTC,64.69420363192124,79048450.0806275,22198.739923012
2023-05-16 00:00:00 UTC,64.95249007017344,79366881.27620967,32394.443025167475
2023-05-17 00:00:00 UTC,64.05118035848652,78445031.4498345,244082.8522887843
2023-05-18 00:00:00 UTC,63.97001055126047,78692317.49566674,337350.7187871127
2023-05-19 00:00:00 UTC,63.00162277129266,77587718.56318083,125852.90741379038
2023-05-20 00:00:00 UTC,63.945108796729,78752634.04556908,177104.9288765955
2023-05-21 00:00:00 UTC,63.48219368040903,78186126.86484957,26545.91531524047
2023-05-22 00:00:00 UTC,63.683952582447624,78443401.96502794,579655.1828053063
2023-05-23 00:00:00 UTC,63.531802056153886,78267413.72935656,154661.939393199
2023-05-24 00:00:00 UTC,63.512089661794704,78306427.91684791,201853.67713767206
2023-05-25 00:00:00 UTC,63.05019421996951,77834259.54321818,141553.44855855
2023-05-26 00:00:00 UTC,62.44006232715152,77248629.24482122,216031.78390427912
2023-05-27 00:00:00 UTC,62.3912818490535,77186967.52088766,248713.41428593016
2023-05-28 00:00:00 UTC,61.74324776028151,76428780.21770813,33530.00499388504
2023-05-29 00:00:00 UTC,62.498659288961065,77358399.39630683,18031.785573217163
2023-05-30 00:00:00 UTC,62.49523491965606,77309590.30399518,42960.96563444064
2023-05-31 00:00:00 UTC,63.097910084191795,77932481.12679332,3773794.0581586747
2023-06-01 00:00:00 UTC,63.10086767689142,78067832.31460884,158951.9186268949
2023-06-02 00:00:00 UTC,63.58367592527675,78436323.45246078,250205.21486801363
2023-06-03 00:00:00 UTC,62.61672412268868,77388226.45180173,149879.25750935663
2023-06-04 00:00:00 UTC,62.53678349579178,77303654.28317648,142900.06686601863
2023-06-05 00:00:00 UTC,62.79667297074512,77425823.17549935,42717.69877404067
2023-06-06 00:00:00 UTC,62.89479183516791,77778551.4049086,291524.763170488
2023-06-07 00:00:00 UTC,61.59148588724089,76188587.82588735,230456.74535032065
2023-06-08 00:00:00 UTC,62.49053276195722,77500536.33383708,36092.17851495732
2023-06-09 00:00:00 UTC,63.25212338523992,78462585.73762618,436958.08150993683
2023-06-10 00:00:00 UTC,62.941663889710725,78260496.44981113,160857.38245674715
2023-06-11 00:00:00 UTC,63.325662435583084,78733639.58798482,24151.916705108826
2023-06-12 00:00:00 UTC,63.11267707163976,78429751.76615934,58204.64325350568
2023-06-13 00:00:00 UTC,63.15614117498608,78378855.69624275,166915.30103313996
2023-06-14 00:00:00 UTC,62.53549830475826,77946264.95886657,122364.89352400326
2023-06-15 00:00:00 UTC,62.6141911354656,77663119.68795767,121910.21068187027
2023-06-16 00:00:00 UTC,63.14713473381532,78361832.99298713,350612.2316501056
2023-06-17 00:00:00 UTC,62.77783065318705,78006640.42261031,309321.3148220412
2023-06-18 00:00:00 UTC,62.81306796950005,78050180.17379476,19223.419305555464
2023-06-19 00:00:00 UTC,62.91559369803148,78252902.79953942,15632.379956391653
2023-06-20 00:00:00 UTC,62.86362042721207,78023770.05842875,139590.03217099796
2023-06-21 00:00:00 UTC,62.5942620477067,77805706.48200376,134525.36097676423
2023-06-22 00:00:00 UTC,62.212573050726505,77396274.44118866,220016.95406926883
2023-06-23 00:00:00 UTC,61.68458001721864,77154569.22407274,1534446.9786893097
2023-06-24 00:00:00 UTC,62.05908580224133,76916806.73812768,1029726.3085881287
2023-06-25 00:00:00 UTC,62.018897027836154,77145757.25418274,50196.78192350682
2023-06-26 00:00:00 UTC,62.02553820033742,77462657.76129536,63681.433217311234
2023-06-27 00:00:00 UTC,61.925955680904075,77605035.11814953,552348.1695055182
2023-06-28 00:00:00 UTC,61.634219549663165,77175257.88989715,159871.13971738206
2023-06-29 00:00:00 UTC,61.36445367776074,76920227.88974096,92378.88073748785
2023-06-30 00:00:00 UTC,61.333653486434734,76894902.27455713,127969.31592719197
2023-07-01 00:00:00 UTC,61.54033839495013,76980131.79216972,258319.14446361118
2023-07-02 00:00:00 UTC,61.84638580709967,77324740.15060422,26406.660911474733
2023-07-03 00:00:00 UTC,61.81623132334637,77260486.05183072,29253.637577491016
2023-07-04 00:00:00 UTC,61.80940454841842,77273190.74644092,220622.537832932
2023-07-05 00:00:00 UTC,61.89574756909781,77236184.69068411,243236.26415162248
2023-07-06 00:00:00 UTC,61.751543102912,76942519.92929572,171471.12034941654
2023-07-07 00:00:00 UTC,61.493428179131584,76882668.04560468,281038.01991023246
2023-07-08 00:00:00 UTC,62.23000730676362,77179455.7731205,422196.4825904333
2023-07-09 00:00:00 UTC,61.67260150991196,77017471.24118918,40867.25329775743
2023-07-10 00:00:00 UTC,61.885430490775846,77254306.0218572,68391.54043390593
2023-07-11 00:00:00 UTC,61.90336157707259,77588478.05481872,382682.9649959339
2023-07-12 00:00:00 UTC,62.158245937399364,77874158.81793897,1468930.27429731
2023-07-13 00:00:00 UTC,62.891958415611896,78589048.09906332,1495355.9715347046
2023-07-14 00:00:00 UTC,63.14574301820454,79100144.46243882,290283.75204522954
2023-07-15 00:00:00 UTC,63.04042792273874,78968140.42307495,434088.60739509936
2023-07-16 00:00:00 UTC,62.97708142538577,78923103.93016136,30659.16994987466
2023-07-17 00:00:00 UTC,62.877164350905815,78829321.50294852,35801.1899275945
2023-07-18 00:00:00 UTC,62.977028515989204,79168754.18670662,1026404.8837282127
2023-07-19 00:00:00 UTC,63.63607130330282,80848625.29707165,1178680.335008428
2023-07-20 00:00:00 UTC,63.60328634841707,81121399.28025295,226649.3989435056
2023-07-21 00:00:00 UTC,63.3829721727749,80914418.66278203,147844.64387321402
2023-07-22 00:00:00 UTC,63.31631496105885,80801141.24827065,97030.31930378161
2023-07-23 00:00:00 UTC,63.36294653988962,81003140.92855431,44227.91448780803
2023-07-24 00:00:00 UTC,63.10787099260728,80628400.94008502,73005.76793994434
2023-07-25 00:00:00 UTC,62.96683788792077,80432803.69245133,158226.97243314586
2023-07-26 00:00:00 UTC,63.10791117141072,80748100.40784732,60092.22060512825
2023-07-27 00:00:00 UTC,63.43823495093519,79624946.29066263,403510.994175037
2023-07-28 00:00:00 UTC,62.963834477051044,79266414.38002434,306651.0564397156
2023-07-29 00:00:00 UTC,62.73445067355086,79032109.87737869,703240.4030703122
2023-07-30 00:00:00 UTC,62.82387536201183,79168810.84775233,26537.03824553501
2023-07-31 00:00:00 UTC,63.06303067249084,79354686.49883944,42827.490553428644
2023-08-01 00:00:00 UTC,63.13388063528211,79516414.64031371,666228.3783650105
2023-08-02 00:00:00 UTC,62.87888176275343,79615077.86086357,107897.97585377916
2023-08-03 00:00:00 UTC,62.26409051859041,79148845.2388648,534370.7650123251
2023-08-04 00:00:00 UTC,62.150962464155334,79093831.91257676,262768.97060984216
2023-08-05 00:00:00 UTC,62.37503828999137,79337139.11391658,369266.6596751467
2023-08-06 00:00:00 UTC,62.064888627070204,78996532.48354991,34921.07563031852
2023-08-07 00:00:00 UTC,62.5787258080147,79538145.57320817,42146.981041388106
2023-08-08 00:00:00 UTC,62.42025803501836,79159171.87670411,42656.65006870832
2023-08-09 00:00:00 UTC,61.9989999774918,78927020.50497852,130812.23385703114
2023-08-10 00:00:00 UTC,61.55250314051613,78918388.66362502,85329.3628853982
2023-08-11 00:00:00 UTC,61.54793511025899,78440265.30701962,79309.68527170719
2023-08-12 00:00:00 UTC,61.5482076172012,78468639.8890179,57343.833349641354
2023-08-13 00:00:00 UTC,61.54949311441851,78347982.25613847,27067.500016887323
2023-08-14 00:00:00 UTC,61.70110043254435,78684740.59211132,18783.724066299073
2023-08-15 00:00:00 UTC,61.41761535305917,78146849.7436909,198531.96535053046
2023-08-16 00:00:00 UTC,61.20969223234045,78053085.50795625,61759.82116628729
2023-08-17 00:00:00 UTC,60.97606445615474,77656525.29565957,141172.52074232543
2023-08-18 00:00:00 UTC,60.76718431388769,77480836.2292086,65136.281931585705
2023-08-19 00:00:00 UTC,60.74764492910431,77347129.4174657,231125.70740257364
2023-08-20 00:00:00 UTC,60.719387065194546,77320548.6817571,21214.439249926865
2023-08-21 00:00:00 UTC,60.85033472979869,77498020.86841433,9828307.571444117
2023-08-22 00:00:00 UTC,61.08077820807767,77954632.26275605,42897.098382109936
2023-08-23 00:00:00 UTC,61.18072581074168,77942533.55371921,54852.25599680274
2023-08-24 00:00:00 UTC,61.63989884667827,78571780.04718995,93717.34801314597
2023-08-25 00:00:00 UTC,61.702238486674375,78631542.88469118,67578.93076300481
2023-08-26 00:00:00 UTC,61.65596918873238,78603421.5189385,61690.6964904965
2023-08-27 00:00:00 UTC,61.76175997265755,78693759.13513598,31686.22711759397
2023-08-28 00:00:00 UTC,61.45237155613449,78337101.96592343,32433.31784995419
2023-08-29 00:00:00 UTC,61.76011004323146,78916689.3855459,4807625.141072082
2023-08-30 00:00:00 UTC,62.459442673860615,79618399.18378691,99326.78104226309
2023-08-31 00:00:00 UTC,62.48999413857284,79775361.72034903,2706958.6345714307
2023-09-01 00:00:00 UTC,62.323956679926376,79391595.94148304,1406677.8518758048
2023-09-02 00:00:00 UTC,62.19424148620526,79174036.0955344,279338.6950477817
2023-09-03 00:00:00 UTC,62.255504410828536,79268535.54290561,22486.484419025433
2023-09-04 00:00:00 UTC,62.54959469391939,79520676.9371663,26231.475619384753
2023-09-05 00:00:00 UTC,62.418311092965034,79330054.28468475,156844.6737883832
2023-09-06 00:00:00 UTC,62.04802796262888,78815427.36644757,277251.2202831784
2023-09-07 00:00:00 UTC,61.90117891150839,78564772.62444444,144986.718285721
2023-09-08 00:00:00 UTC,61.83748519906834,78533025.45394722,105345.9926020099
2023-09-09 00:00:00 UTC,62.22935603493425,79109615.89555433,97250.05254276535
2023-09-10 00:00:00 UTC,61.67503026552536,78412838.97508046,23693.56376227949
2023-09-11 00:00:00 UTC,61.83031738315462,78455030.77632801,21269.1795959334
2023-09-12 00:00:00 UTC,61.93301280195733,78775811.66029951,64287.17015019846
2023-09-13 00:00:00 UTC,61.52295922776562,78289643.06672022,57297.38521170033
2023-09-14 00:00:00 UTC,61.49629198578565,78185256.2170704,53033.355916046974
2023-09-15 00:00:00 UTC,61.40853267532682,78216351.53728056,4915517.171035721
2023-09-16 00:00:00 UTC,61.60644905506141,78335809.81695913,58751.250494376756
2023-09-17 00:00:00 UTC,61.84045814789931,78784110.91578017,32463.79034631586
2023-09-18 00:00:00 UTC,62.031835704856356,78984175.52619438,15890.224679899364
2023-09-19 00:00:00 UTC,62.19181653972155,79237190.7828008,56797.92092136125
2023-09-20 00:00:00 UTC,62.12865825304863,79102384.40052827,2605720.8119280976
2023-09-21 00:00:00 UTC,61.993536489503676,79092543.37395807,1491363.4948013185
2023-09-22 00:00:00 UTC,61.78205957220697,78835246.12519942,2420874.032554367
2023-09-23 00:00:00 UTC,61.74637091023524,78665188.3029635,137262.5337172989
2023-09-24 00:00:00 UTC,61.74425766629041,78670453.47515097,65347.74942330767
2023-09-25 00:00:00 UTC,61.86942672676815,78895775.49968077,25797.62862740129
2023-09-26 00:00:00 UTC,61.73250163628213,78774950.01203817,116866.55878488084
2023-09-27 00:00:00 UTC,61.21160265167405,78285365.05060688,163657.4527810774
2023-09-28 00:00:00 UTC,60.44149456700279,77802198.2861775,725676.0101279478
2023-09-29 00:00:00 UTC,60.01195350089691,77347526.42606266,316148.45998643996
2023-09-30 00:00:00 UTC,59.671257071749075,76959334.1640014,417208.4914861005
2023-10-01 00:00:00 UTC,59.49510170627299,76624657.49885108,29073.86654854931
2023-10-02 00:00:00 UTC,59.63164391457354,76926051.30002241,41495.824865782095
2023-10-03 00:00:00 UTC,58.767793218009686,76213769.01145765,1026372.1520405991
2023-10-04 00:00:00 UTC,58.54631977022495,75874577.58733231,541541.7307052922
2023-10-05 00:00:00 UTC,58.70706523229105,76064173.9929946,1205650.2908651026
2023-10-06 00:00:00 UTC,58.665216892208456,76346780.84575254,617402.3039778434
2023-10-07 00:00:00 UTC,58.74954650762787,76287412.72168219,1127158.6857475995
2023-10-08 00:00:00 UTC,58.78643185705672,76315998.12476888,29920.837010471383
2023-10-09 00:00:00 UTC,59.49094729052206,77244301.9494537,61055.13401958234
2023-10-10 00:00:00 UTC,60.07047561527109,77830111.90612671,81028.42710892452
2023-10-11 00:00:00 UTC,59.80157701498024,77426657.50795157,247565.95181671565
2023-10-12 00:00:00 UTC,60.35072303027979,78206567.1503685,45735.32158443456
2023-10-13 00:00:00 UTC,60.13555554709238,77783118.31880642,396714.0021780766
2023-10-14 00:00:00 UTC,62.173152723370904,80077160.56528145,622758.8730400789
2023-10-15 00:00:00 UTC,61.8540320625772,80023158.25409716,33008.072252824095
2023-10-16 00:00:00 UTC,61.446347334670335,79551217.84238245,93182.44820665669
2023-10-17 00:00:00 UTC,61.755847796776195,80856700.02692996,1137549.6843005775
2023-10-18 00:00:00 UTC,61.97276442328753,81222219.45357314,123530.25946428905
2023-10-19 00:00:00 UTC,62.58202647306058,82095075.2362647,292772.2734020495
2023-10-20 00:00:00 UTC,63.608813565289715,83663811.36203128,487928.90837267507
2023-10-21 00:00:00 UTC,63.50465439362409,83427834.18536642,659669.375108139
2023-10-22 00:00:00 UTC,63.92379990701739,83963284.30444135,102569.3916596266
2023-10-23 00:00:00 UTC,63.45472214719394,83436151.53054243,71244.89940683662
2023-10-24 00:00:00 UTC,63.525777249328144,83412345.25115678,137764.67274855528
2023-10-25 00:00:00 UTC,63.40054953715161,83333897.424709,122943.29171804097
2023-10-26 00:00:00 UTC,63.82448527881447,83227759.7569071,193086.06838888308
2023-10-27 00:00:00 UTC,63.89489031283632,83639478.10298388,104558.79325289503
2023-10-28 00:00:00 UTC,64.3234840911105,84404725.8976865,733286.7065446158
2023-10-29 00:00:00 UTC,64.5407066488772,84723343.92471309,49347.970558917135
2023-10-30 00:00:00 UTC,64.38265870664478,84163402.74793561,1133432.3648042171
2023-10-31 00:00:00 UTC,64.175316998365,84880896.1244429,1951971.461453101
2023-11-01 00:00:00 UTC,63.891576320156915,83640333.38893479,1844686.1661754642
2023-11-02 00:00:00 UTC,63.80977390394367,83551597.74553478,1637942.4646850997
2023-11-03 00:00:00 UTC,63.81702784878108,83456786.96331027,229895.30025473324
2023-11-04 00:00:00 UTC,64.05040553499887,83487293.00331245,177757.28558165152
2023-11-05 00:00:00 UTC,64.44518698075825,83814727.70258279,32286.031282431984
2023-11-06 00:00:00 UTC,63.958269303478616,83476608.38194099,8914.471061291457
2023-11-07 00:00:00 UTC,63.65018527822982,83069097.59144238,104533.23789169018
2023-11-08 00:00:00 UTC,63.325467045278884,82707143.59058896,1092554.94681803
2023-11-09 00:00:00 UTC,62.698821395158255,82353045.68911676,237049.78293861914
2023-11-10 00:00:00 UTC,62.99679751579651,82547942.32212102,1111176.7484900004
2023-11-11 00:00:00 UTC,62.64452663419252,82330656.23591237,372475.1166023647
2023-11-12 00:00:00 UTC,62.36804825956921,81871804.74980523,139231.6401493551
2023-11-13 00:00:00 UTC,62.45459477083146,81720112.24449722,18747.255615394257
2023-11-14 00:00:00 UTC,62.55119826642387,82167447.32771863,103871.20314309651
2023-11-15 00:00:00 UTC,63.17354664734832,83053008.95677891,94072.385415866
2023-11-16 00:00:00 UTC,63.16808418165739,83167252.0559483,424181.3871321076
2023-11-17 00:00:00 UTC,63.72332285219016,84058037.10873008,164136.57533302277
2023-11-18 00:00:00 UTC,63.95931092246069,83726851.63487408,212136.55161593374
2023-11-19 00:00:00 UTC,64.12605651238403,84312906.75426427,14868.068890236264
2023-11-20 00:00:00 UTC,64.03042013728115,84357950.21723436,27086.25285431614
2023-11-21 00:00:00 UTC,63.69009288618209,83999827.60892099,895227.3280856244
2023-11-22 00:00:00 UTC,64.27988094752976,84190163.25861314,416752.6978905975
2023-11-23 00:00:00 UTC,64.06500267361461,84186784.03604291,1048880.0423618031
2023-11-24 00:00:00 UTC,63.808510137456096,83834268.09048605,63860.39997616632
2023-11-25 00:00:00 UTC,64.15686425002473,84190187.8358831,422192.67260281974
2023-11-26 00:00:00 UTC,64.51596638663163,84584824.96965976,16480.967583412792
2023-11-27 00:00:00 UTC,64.29760785510472,84407241.4506412,21505.672258298247
2023-11-28 00:00:00 UTC,64.8867484708416,84974265.76384225,2595871.6803142894
2023-11-29 00:00:00 UTC,65.62907973265466,86495464.78680754,3948286.652386496
2023-11-30 00:00:00 UTC,65.71387075826567,86257555.99860632,5016273.809957655
2023-12-01 00:00:00 UTC,65.62730537042628,86217677.04756422,599553.264659812
2023-12-02 00:00:00 UTC,66.7126171880026,87088886.32172744,1195707.393101439
2023-12-03 00:00:00 UTC,67.04273749638497,88095927.73922968,93481.23625306948
2023-12-04 00:00:00 UTC,68.09727154480203,89323476.67680493,56500.98560964786
2023-12-05 00:00:00 UTC,65.31893706122364,85820847.45393135,697353.6320699046
2023-12-06 00:00:00 UTC,65.07289298798258,85018750.87341139,612317.7063326548
2023-12-07 00:00:00 UTC,64.96522023578598,84977099.50979659,260829.42032175005
2023-12-08 00:00:00 UTC,65.33856304855213,85490966.3385062,144271.21099528729
2023-12-09 00:00:00 UTC,64.69136997309612,84315546.66561268,120937.19004889735
2023-12-10 00:00:00 UTC,64.20382415951481,84046605.21057785,51566.21230725553
2023-12-11 00:00:00 UTC,64.67895127447599,84665980.97867145,44618.961326740915
2023-12-12 00:00:00 UTC,63.92925961361893,84253970.78498523,317356.1373998571
2023-12-13 00:00:00 UTC,63.77176671291215,84227210.83657221,57115.517154478075
2023-12-14 00:00:00 UTC,65.31081770182134,86078424.42668526,120598.62986642992
2023-12-15 00:00:00 UTC,65.6422512693854,86412866.29497723,198556.601003969
2023-12-16 00:00:00 UTC,64.88159964635575,85601883.52626403,57739.75148651815
2023-12-17 00:00:00 UTC,64.73642956850264,85347192.38879552,141642.7340362016
2023-12-18 00:00:00 UTC,64.81436039110807,85487975.25723316,21870.096219805
2023-12-19 00:00:00 UTC,65.28187320337781,85269794.10736457,3675444.771782628
2023-12-20 00:00:00 UTC,65.73187146207587,86359030.10479815,2108461.926299403
2023-12-21 00:00:00 UTC,65.4473883781075,85619053.02717122,525152.2822613564
2023-12-22 00:00:00 UTC,66.03896106229041,86672627.80892412,3004505.2526637907
2023-12-23 00:00:00 UTC,65.79600284955654,86463274.58533417,2944590.599578443
2023-12-24 00:00:00 UTC,65.90359573349053,86560273.5975286,488914.7167007932
2023-12-25 00:00:00 UTC,66.05961555923992,86740630.37919016,123021.89928135084
2023-12-26 00:00:00 UTC,66.02932280068863,86261394.54426233,29880.251274702114
2023-12-27 00:00:00 UTC,66.78149062632085,87209267.48672065,77036.07445958939
2023-12-28 00:00:00 UTC,66.96583843508114,88374026.69576152,1422651.9271718718
2023-12-29 00:00:00 UTC,66.42470686029212,87686274.9914914,1867363.5824935227
2023-12-30 00:00:00 UTC,66.17036600620509,87238805.00759771,1769900.6758935687
2023-12-31 00:00:00 UTC,66.25073097922957,87464763.78596923,120304.31091536513
2024-01-01 00:00:00 UTC,66.02182697083511,87258599.89033931,50589.19034821853
2024-01-02 00:00:00 UTC,66.58459735485536,87725055.42928575,32906.36870807693
2024-01-03 00:00:00 UTC,66.26846698951475,87305183.67320733,217722.77016742976
2024-01-04 00:00:00 UTC,65.63671491233765,86695141.2506761,180450.28178897657
2024-01-05 00:00:00 UTC,65.71528650059551,86792429.61111246,86304.50003315887
2024-01-06 00:00:00 UTC,65.59461402210017,86558447.0346307,403524.19917123695
2024-01-07 00:00:00 UTC,66.4583995515174,87687732.18385485,97187.52165286953
2024-01-08 00:00:00 UTC,65.83469243926879,86787875.98253842,74152.94661106686
2024-01-09 00:00:00 UTC,65.34170103307673,86678375.34168376,101730.446010509
2024-01-10 00:00:00 UTC,65.42848448452679,86354216.9351879,295111.0802039448
2024-01-11 00:00:00 UTC,65.2693509943936,86567672.17459564,238470.82634546066
2024-01-12 00:00:00 UTC,64.83861343919087,85829111.21037552,335281.84829856805
2024-01-13 00:00:00 UTC,66.06955935906622,87591102.53651094,540731.5070711179
2024-01-14 00:00:00 UTC,65.79888201386024,87249284.7816559,49031.36015334814
2024-01-15 00:00:00 UTC,65.85458311585741,87377483.52440481,31529.92955523666
2024-01-16 00:00:00 UTC,66.10543088071901,87990881.08581138,75443.56676250693
2024-01-17 00:00:00 UTC,65.17838323682504,88366940.16541086,1519369.1396933638
2024-01-18 00:00:00 UTC,64.6631026163173,87941571.82160333,197629.96675855413
2024-01-19 00:00:00 UTC,64.92615933029774,88184472.82593931,148173.79187349576
2024-01-20 00:00:00 UTC,65.08212259329417,87685789.41445215,6194461.3617636245
2024-01-21 00:00:00 UTC,65.11037777891602,87772160.10767533,145115.20266305917
2024-01-22 00:00:00 UTC,65.21455061710095,87917036.54098427,48359.32653120993
2024-01-23 00:00:00 UTC,64.87320378071549,87330162.60920772,138694.02631671896
2024-01-24 00:00:00 UTC,65.5904294375964,88138337.59094976,79996.64148480273
2024-01-25 00:00:00 UTC,64.78934674072097,87972190.75860126,4507117.610550898
2024-01-26 00:00:00 UTC,64.96926680071515,88276983.00018375,11755972.239430947
2024-01-27 00:00:00 UTC,64.70800449588891,87979258.83443655,702451.0224835046
2024-01-28 00:00:00 UTC,64.67967670169567,87945814.36157708,25005.17479925562
2024-01-29 00:00:00 UTC,64.99329474284386,88616968.03863029,34510.640714004476
2024-01-30 00:00:00 UTC,65.41873034447156,88822085.90592195,58250.00401198419
2024-01-31 00:00:00 UTC,65.55362910311497,88484406.48667501,429420.9825396317
2024-02-01 00:00:00 UTC,65.55388718875189,88833782.84200244,8734488.924829785
2024-02-02 00:00:00 UTC,66.13342460174013,89649028.29389259,192137.9591543826
2024-02-03 00:00:00 UTC,65.622689167122,88880352.61810678,234047.01158366757
2024-02-04 00:00:00 UTC,65.41213732190285,88693625.88906918,89161.4045130551
2024-02-05 00:00:00 UTC,65.36415911283173,88673160.48449582,46600.20257824912
2024-02-06 00:00:00 UTC,65.32218829356417,88690565.91187194,446203.18536644924
2024-02-07 00:00:00 UTC,65.44117048775848,89077981.30202784,11522833.697939083
2024-02-08 00:00:00 UTC,65.4339377863178,89250126.48845392,19614346.521235764
2024-02-09 00:00:00 UTC,65.43057016415666,89581087.24506176,30065285.297928967
2024-02-10 00:00:00 UTC,64.84023870312089,88984777.8232948,19653852.90339548
2024-02-11 00:00:00 UTC,65.19411679965728,89519439.0191797,191188.34667496325
2024-02-12 00:00:00 UTC,65.2832068633393,89393644.28540283,81731.1262609957
2024-02-13 00:00:00 UTC,64.99383939467678,89261164.23840176,5010753.992192063
2024-02-14 00:00:00 UTC,64.12008815588284,88112702.20697069,3291097.656589406
2024-02-15 00:00:00 UTC,64.1606310248182,88379172.02906898,1319057.8344014713
2024-02-16 00:00:00 UTC,64.53880773913518,88795986.71166714,90463.86287226107
2024-02-17 00:00:00 UTC,65.10449751404894,89793820.68531206,232773.9262109457
2024-02-18 00:00:00 UTC,64.55557688695477,89503347.89715017,30454.556085876826
2024-02-19 00:00:00 UTC,64.85026268981952,89347473.13858983,38972.27489182459
2024-02-20 00:00:00 UTC,64.83210830892814,89198850.2358835,90378.82797449936
2024-02-21 00:00:00 UTC,65.19340262571468,89610674.75053094,125833.62807112641
2024-02-22 00:00:00 UTC,65.18986032027598,89796149.27438924,97179.39592696709
2024-02-23 00:00:00 UTC,65.07676356353436,89477083.04478748,50402.26994663483
2024-02-24 00:00:00 UTC,65.51509673498435,90118155.84019235,176416.38154626696
2024-02-25 00:00:00 UTC,65.63553583160017,90142898.05419905,13820.327512562399
2024-02-26 00:00:00 UTC,65.35592107195431,89900581.62568477,26791.204877623
2024-02-27 00:00:00 UTC,66.16390768857791,90920952.35333712,74688.57748263449
2024-02-28 00:00:00 UTC,65.45412084904954,89902933.5964054,72392.99715223737
2024-02-29 00:00:00 UTC,64.33193982090971,88139682.56631464,221937.06216247068
2024-03-01 00:00:00 UTC,65.1354691806825,89606646.16622745,152909.8037248599
2024-03-02 00:00:00 UTC,66.88438539237325,91735752.66694744,190057.7950635333
2024-03-03 00:00:00 UTC,67.04085311022668,91964916.97582911,37792.3918364126
2024-03-04 00:00:00 UTC,67.05972138157881,91740774.50236279,145946.06453547135
2024-03-05 00:00:00 UTC,68.10619005188484,92908222.26048268,2739470.5033775913
2024-03-06 00:00:00 UTC,68.39056856616271,93745660.36589198,169679.66909530034
2024-03-07 00:00:00 UTC,69.21701449062414,93712397.62143551,2056317.2120303195
2024-03-08 00:00:00 UTC,69.26991856165891,93957023.15571009,202518.41471922802
2024-03-09 00:00:00 UTC,69.93089978341222,94677389.52883153,275011.56477692997
2024-03-10 00:00:00 UTC,70.52843556822835,95675325.38731529,52736.59282016456
2024-03-11 00:00:00 UTC,70.3622144467024,95137220.11046994,209437.1338666987
2024-03-12 00:00:00 UTC,70.39175099941288,95662518.81502232,3198100.931035108
2024-03-13 00:00:00 UTC,69.49986758642187,94554656.60396351,401583.67676773644
2024-03-14 00:00:00 UTC,69.96669276271788,95263816.9683019,190812.72892087314
2024-03-15 00:00:00 UTC,69.56581551384704,95249792.58609422,1850479.6246882407
2024-03-16 00:00:00 UTC,69.46115207996993,94890368.70885395,390996.94851466053
2024-03-17 00:00:00 UTC,68.58260690388171,92931183.05690329,47977.99769759106
2024-03-18 00:00:00 UTC,68.90413445652024,93937063.06354228,160588.33949017283
2024-03-19 00:00:00 UTC,69.40392798477032,95036487.30102342,3897845.2059106627
2024-03-20 00:00:00 UTC,69.2241679369421,94816577.73794416,155156.86612471
2024-03-21 00:00:00 UTC,71.30267942387968,97289942.69280395,213758.5195190856
2024-03-22 00:00:00 UTC,70.36899482966764,96365469.93252878,259248.4787253426
2024-03-23 00:00:00 UTC,69.70274200509711,95386486.10414264,80586.51499411177
2024-03-24 00:00:00 UTC,69.47016816977768,95227677.93325277,41355.38383294714
2024-03-25 00:00:00 UTC,69.72182711563072,95646090.23575863,26693.309057485385
2024-03-26 00:00:00 UTC,69.91069470853978,95154061.27853173,4126918.8049499183
2024-03-27 00:00:00 UTC,70.00975290634055,95744578.55231002,2670288.678796573
2024-03-28 00:00:00 UTC,70.91979398463471,96588194.89073196,2892147.2821067045
2024-03-29 00:00:00 UTC,72.12254011246995,98700690.12153353,348336.7785539119
2024-03-30 00:00:00 UTC,72.05801982548351,97965431.70681307,47681.69900040492
2024-03-31 00:00:00 UTC,71.59784576961931,97974336.1909196,33932.94598223145
2024-04-01 00:00:00 UTC,72.27296628224337,98937722.68910947,88452.4357116683
2024-04-02 00:00:00 UTC,72.4043628191683,99136932.48950475,61483.67370496735
2024-04-03 00:00:00 UTC,73.37776600568677,100567897.99592826,253623.36975504918
2024-04-04 00:00:00 UTC,74.23353913738876,101694734.39970294,133304.7609980734
2024-04-05 00:00:00 UTC,73.76381745575961,100924104.19577467,174545.08908970703
2024-04-06 00:00:00 UTC,73.93784564863356,101464892.9652714,602981.0312149838
2024-04-07 00:00:00 UTC,74.78258211791689,102305274.08295842,70457.40457885299
2024-04-08 00:00:00 UTC,74.50397983929481,102040568.50516209,72544.78277832466
2024-04-09 00:00:00 UTC,75.56005601580814,103225447.58279073,241485.50341335483
2024-04-10 00:00:00 UTC,75.86508163063363,103746828.37433116,696845.7388895435
2024-04-11 00:00:00 UTC,75.23719208690532,103004367.44076538,243340.67573039568
2024-04-12 00:00:00 UTC,76.34913892230665,104621850.49714096,440941.3701104947
2024-04-13 00:00:00 UTC,75.21319141050131,102984259.22381252,3024672.6137992814
2024-04-14 00:00:00 UTC,75.61395526982537,103202097.77506948,347129.4508610075
2024-04-15 00:00:00 UTC,75.86929683779475,103860770.06844586,86368.50719122363
2024-04-16 00:00:00 UTC,76.8265113262802,105123947.34562202,613928.6267389348
2024-04-17 00:00:00 UTC,77.12435600996761,105396765.83441249,294695.9601443075
2024-04-18 00:00:00 UTC,76.17511187434245,104422107.6007895,149436.21005032008
2024-04-19 00:00:00 UTC,76.45950292337534,104761713.82943574,552776.114204707
2024-04-20 00:00:00 UTC,76.51705080723326,104907807.2344522,319212.31425162865
2024-04-21 00:00:00 UTC,77.16920383394894,105632300.68821293,23913.987634129775
2024-04-22 00:00:00 UTC,76.94036648234706,105330441.60367054,18552.561619597367
2024-04-23 00:00:00 UTC,75.09572596871953,102849015.5118372,259543.4052220715
2024-04-24 00:00:00 UTC,74.80036149666198,102374317.05456544,454461.0127382203
2024-04-25 00:00:00 UTC,74.511160759932,101954593.81070082,396396.0502359511
2024-04-26 00:00:00 UTC,75.08038863258862,102824325.61808984,142150.04830652615
2024-04-27 00:00:00 UTC,75.84823316479839,102421972.57075183,1422773.7107908027
2024-04-28 00:00:00 UTC,75.19967229783244,102917806.07856978,37920.26743445532
2024-04-29 00:00:00 UTC,75.22345720401687,102993843.31820928,13401.045944448779
2024-04-30 00:00:00 UTC,75.08871503255018,102895420.87696466,99394.87859390714
2024-05-01 00:00:00 UTC,73.75178334148004,101111040.97741102,4208578.304061822
2024-05-02 00:00:00 UTC,74.83298612363474,102533743.24586296,92383.70871899105
2024-05-03 00:00:00 UTC,74.1047468513733,101484691.11006579,146343.2120867083
2024-05-04 00:00:00 UTC,73.69061868343925,100879684.55655494,99055.27288485561
2024-05-05 00:00:00 UTC,73.70448883647272,100958112.51665664,17594.450723129827
2024-05-06 00:00:00 UTC,73.71952580798563,100845452.63795802,7242.466942116904
2024-05-07 00:00:00 UTC,74.84272444030252,102435418.69683066,32996.45058216649
2024-05-08 00:00:00 UTC,74.54452124041742,101871308.85906374,1413587.9801676369
2024-05-09 00:00:00 UTC,74.37350922412588,101899126.78753015,452563.88599052903
2024-05-10 00:00:00 UTC,75.52207307411805,103557409.775863,99715.66519676978
2024-05-11 00:00:00 UTC,75.53626465398199,103423329.03242059,194152.42098684344
2024-05-12 00:00:00 UTC,75.76918895856794,103726419.26492327,20417.640195102344
2024-05-13 00:00:00 UTC,76.5246579044426,104764427.2418154,85896.10208222337
2024-05-14 00:00:00 UTC,75.30755910597966,102921234.78257364,889267.2910431966
2024-05-15 00:00:00 UTC,75.49858429691434,103980579.92156829,142855.49500227073
2024-05-16 00:00:00 UTC,76.99460858277517,105250721.87638289,2160377.2677915585
2024-05-17 00:00:00 UTC,76.51567550639041,104767411.5393114,155526.71233990218
2024-05-18 00:00:00 UTC,77.01581344231434,105442668.62506735,203801.10660594664
2024-05-19 00:00:00 UTC,78.06470184154837,106789121.11536476,27808.906339697172
2024-05-20 00:00:00 UTC,77.5933509745459,106229690.48709819,125194.08228522376
2024-05-21 00:00:00 UTC,78.03040593617287,106831706.57169087,139037.61506330644
2024-05-22 00:00:00 UTC,78.09588765144217,106863658.93347973,340233.6910327205
2024-05-23 00:00:00 UTC,76.59183953934854,104997628.98585074,376549.564505462
2024-05-24 00:00:00 UTC,75.19927601391792,103029170.69543017,186160.15551360315
2024-05-25 00:00:00 UTC,75.63734047106996,103304956.83091947,191892.14693838826
2024-05-26 00:00:00 UTC,74.76453039638422,102349133.38753645,80832.89632663221
2024-05-27 00:00:00 UTC,75.2924105475467,103474943.49260117,17257.82385525935
2024-05-28 00:00:00 UTC,75.4184435253259,103248165.84065121,121325.30016077163
2024-05-29 00:00:00 UTC,76.4857316638151,104758238.7876975,161714.5909845323
2024-05-30 00:00:00 UTC,75.24568170624578,102998748.70870447,74681.64792883265
2024-05-31 00:00:00 UTC,75.49720593308723,103282555.91628024,172164.40715435735
2024-06-01 00:00:00 UTC,74.96408432168104,102615255.75416964,297244.48335592495
2024-06-02 00:00:00 UTC,74.76832761003345,102367236.29263227,43514.42453713498
2024-06-03 00:00:00 UTC,74.73732749377172,102378048.615891,32281.33248382459
2024-06-04 00:00:00 UTC,75.31546840417322,103125444.08872776,113220.81220893167
2024-06-05 00:00:00 UTC,75.0091412826582,102671909.6628221,129571.59491857722
2024-06-06 00:00:00 UTC,76.05099220227558,104211870.03276181,143384.73585481738
2024-06-07 00:00:00 UTC,76.01438341677937,104033290.4851981,797367.2802696037
2024-06-08 00:00:00 UTC,73.54042778192128,100701984.06668273,163161.38590496377
2024-06-09 00:00:00 UTC,73.69820879162421,100875162.84270474,42895.78060722684
2024-06-10 00:00:00 UTC,74.14577727622817,101519015.21247704,58019.57705961364
2024-06-11 00:00:00 UTC,74.37966657366968,101656688.81692298,187575.84059715492
2024-06-12 00:00:00 UTC,74.76298042822738,102374873.71124518,214218.41061760313
2024-06-13 00:00:00 UTC,74.96984878049254,102654127.63048545,134149.06956609743
2024-06-14 00:00:00 UTC,74.05748333602165,101431578.05360226,195721.56933718213
2024-06-15 00:00:00 UTC,74.74551496848844,102321007.33762088,108857.13033867495
2024-06-16 00:00:00 UTC,75.34912463092316,103148423.03917632,49086.09884850551
2024-06-17 00:00:00 UTC,74.76548836412522,102368930.41792011,17174.199173585323
2024-06-18 00:00:00 UTC,74.81006925898404,102369837.0957409,67561.68139381871
2024-06-19 00:00:00 UTC,75.04564618963431,102653804.06400649,88500.45575421466
2024-06-20 00:00:00 UTC,74.89404826185037,102500432.06701535,44447.47019214406
2024-06-21 00:00:00 UTC,75.81379446079345,103848405.68875994,319702.31383638835
2024-06-22 00:00:00 UTC,75.21151442284018,102944721.93092085,108447.82188511784
2024-06-23 00:00:00 UTC,74.70645001346229,102264950.28950226,20276.194607943104
2024-06-24 00:00:00 UTC,74.61342777102875,102178878.52525012,70205.41305368033
2024-06-25 00:00:00 UTC,75.0437491520369,102670059.96739344,408447.3239366551
2024-06-26 00:00:00 UTC,74.59261546138433,102154174.89577828,2142776.22655217
2024-06-27 00:00:00 UTC,73.88485053850879,101176768.35664243,3150029.599144659
2024-06-28 00:00:00 UTC,74.66666878339724,102213557.10755154,139503.29083504807
2024-06-29 00:00:00 UTC,74.29141891901163,101731228.93884495,6985622.960951348
2024-06-30 00:00:00 UTC,75.18842316421228,102307085.22682805,28314.760947575356
2024-07-01 00:00:00 UTC,74.89083859542109,102531727.0540752,16172.905485213281
2024-07-02 00:00:00 UTC,75.31626800498769,102954812.25302897,100674.95800761296
2024-07-03 00:00:00 UTC,74.92970016649957,102584697.85850553,95259.39865532791
2024-07-04 00:00:00 UTC,75.9162311398298,103668531.6963181,2345490.509698199
2024-07-05 00:00:00 UTC,75.43627589301552,103206042.46169782,90023.8055697046
2024-07-06 00:00:00 UTC,76.85306814935096,105060201.77992658,2362608.7742846515
2024-07-07 00:00:00 UTC,77.46741130669764,106048030.21432105,38178.55278613736
2024-07-08 00:00:00 UTC,76.83355343959163,104729331.21136479,31227.236056859838
2024-07-09 00:00:00 UTC,76.17332636828394,104241341.96696582,99140.96673150909
2024-07-10 00:00:00 UTC,75.74878331059418,103716094.26704203,142923.90797267065
2024-07-11 00:00:00 UTC,76.36705128664835,104423606.23544344,26579.243492737995
2024-07-12 00:00:00 UTC,77.69153634511947,106317531.71937366,2276434.032202423
2024-07-13 00:00:00 UTC,77.37197488279014,105931603.34311932,291171.11180572055
2024-07-14 00:00:00 UTC,78.06346855226799,106966443.6450416,123224.2202159746
2024-07-15 00:00:00 UTC,77.53757808529788,106166415.9449145,29393.485339244256
2024-07-16 00:00:00 UTC,78.3354288166589,107231557.60241911,303182.0397615892
2024-07-17 00:00:00 UTC,80.0279102807836,109534082.23298068,178037.0091787963
2024-07-18 00:00:00 UTC,79.18959064777151,108219358.32509251,2929116.5016983985
2024-07-19 00:00:00 UTC,78.63558055496313,107660491.01155393,2571230.477133989
2024-07-20 00:00:00 UTC,77.06875594017188,105555531.67197677,214611.9358204297
2024-07-21 00:00:00 UTC,77.87278638906965,106616144.49740261,12743.90642245108
2024-07-22 00:00:00 UTC,77.58178682787768,106217735.08246638,39030.38877142919
2024-07-23 00:00:00 UTC,77.01366140423924,108370280.04060444,331446.2501055715
2024-07-24 00:00:00 UTC,77.72227062700621,109369052.5228865,192575.52922908164
2024-07-25 00:00:00 UTC,77.22485774071322,108711319.50810234,116566.15860814275
2024-07-26 00:00:00 UTC,76.12214067811745,107097563.6055138,128722.00200895341
2024-07-27 00:00:00 UTC,77.36409268691588,108770554.81302443,51742.54336175954
2024-07-28 00:00:00 UTC,76.5506804821095,107615912.80962448,46187.13330082933
2024-07-29 00:00:00 UTC,76.96096659228999,108204971.97765602,23124.25240932644
2024-07-30 00:00:00 UTC,76.60798239816107,107822906.96350907,91146.21056226899
2024-07-31 00:00:00 UTC,75.94179486144081,106770865.83312064,102832.03696876443
2024-08-01 00:00:00 UTC,78.59349124932308,110499035.80562815,124459.4281705883
2024-08-02 00:00:00 UTC,78.68040973590394,110694300.48883906,253286.71627739625
2024-08-03 00:00:00 UTC,78.29356778277743,110151148.12335679,358714.759195739
2024-08-04 00:00:00 UTC,79.03505300359141,111263891.7123676,40899.532538143096
2024-08-05 00:00:00 UTC,77.81631584412132,109479702.81212866,68213.0649887781
2024-08-06 00:00:00 UTC,77.84638911510316,109514228.23035575,982632.6647415833
2024-08-07 00:00:00 UTC,76.69172865580393,107959729.59381913,168244.924311949
2024-08-08 00:00:00 UTC,76.74241486316886,108128964.75063005,119534.90552925116
2024-08-09 00:00:00 UTC,78.02825961271452,109395547.83209692,641172.9124530273
2024-08-10 00:00:00 UTC,78.61480249827589,109809083.44234537,602474.3001704989
2024-08-11 00:00:00 UTC,78.28335268150155,109348502.92279999,81810.25519584773
2024-08-12 00:00:00 UTC,78.12222664242235,108999560.20850615,53073.65888722395
2024-08-13 00:00:00 UTC,79.45467217571144,110863702.92396152,145478.37423199855
2024-08-14 00:00:00 UTC,79.25744132151878,110575363.0112104,111836.46828607695
2024-08-15 00:00:00 UTC,78.8229971599423,109969423.69894002,287221.7294778748
2024-08-16 00:00:00 UTC,79.04590396215917,110323957.4795793,76816.59503579966
2024-08-17 00:00:00 UTC,81.05661746689304,112789464.76642266,199975.68624287887
2024-08-18 00:00:00 UTC,80.05902018698916,111373617.60513043,20412.367094493442
2024-08-19 00:00:00 UTC,80.5793856482065,112097520.84248178,8849.642341541798
2024-08-20 00:00:00 UTC,80.76038434791921,112248621.72261547,308091.27603867406
2024-08-21 00:00:00 UTC,81.14005181783374,112814341.38614836,121024.1149776602
2024-08-22 00:00:00 UTC,81.03801464592685,112650706.86378843,199821.12644483196
2024-08-23 00:00:00 UTC,80.04713583548077,111293059.02296972,147443.40143652598
2024-08-24 00:00:00 UTC,80.90516352345999,112634884.69026268,96928.0435500338
2024-08-25 00:00:00 UTC,80.55989858144142,112164811.96680892,53760.62168949695
2024-08-26 00:00:00 UTC,80.9027819895567,112412169.21833189,58736.19569650839
2024-08-27 00:00:00 UTC,80.95816962332395,112698823.98996076,122695.91030648295
2024-08-28 00:00:00 UTC,81.09699144160109,113000248.4119216,2435248.6495306916
2024-08-29 00:00:00 UTC,80.62494947827324,112307333.26339044,3688382.392342682
2024-08-30 00:00:00 UTC,80.69101264086157,112365238.23733856,239345.18685536782
2024-08-31 00:00:00 UTC,80.59207835170481,112198899.06204875,146719.7530137977
2024-09-01 00:00:00 UTC,81.0434147797702,112829442.29864587,41808.15481465365
2024-09-02 00:00:00 UTC,80.11976903820108,111526483.8944682,34855.76728938446
2024-09-03 00:00:00 UTC,80.47649040261032,112023038.98917437,69084.82030330277
2024-09-04 00:00:00 UTC,80.0682052298825,111454707.22427787,120981.40110460005
2024-09-05 00:00:00 UTC,80.72006373957375,112345948.34824811,361115.16911832365
2024-09-06 00:00:00 UTC,81.12201047788777,112930372.2237741,124003.75583555127
2024-09-07 00:00:00 UTC,80.35941655856425,111864279.280731,208057.4880585897
2024-09-08 00:00:00 UTC,80.33582108814932,111612625.45228186,50299.1805985128
2024-09-09 00:00:00 UTC,80.44841719832692,112119679.13194434,26635.3390866846
2024-09-10 00:00:00 UTC,80.57442372225164,112194444.63152778,166901.57919621925
2024-09-11 00:00:00 UTC,81.0894565365315,112655188.3842548,56954.09984784989
2024-09-12 00:00:00 UTC,81.40516009116219,113307603.96029887,133592.40048378697
2024-09-13 00:00:00 UTC,82.35770513610134,114664861.67732376,212445.39867890903
2024-09-14 00:00:00 UTC,82.63694944339906,115096973.40250027,344369.06145885243
2024-09-15 00:00:00 UTC,82.45638527858098,114754994.09797052,56389.96877981895
2024-09-16 00:00:00 UTC,82.74054205806821,115155961.67162152,57548.76092840452
2024-09-17 00:00:00 UTC,83.1609669587796,115834199.50076115,135528.39382127687
2024-09-18 00:00:00 UTC,82.46017265915503,114916918.75098838,89681.65743958062
2024-09-19 00:00:00 UTC,82.35364745107839,114935285.82532263,3569540.334831528
2024-09-20 00:00:00 UTC,83.19869592305211,116156249.19596286,128811.05755808091
2024-09-21 00:00:00 UTC,85.11766571729459,118815500.33322276,178312.13721053
2024-09-22 00:00:00 UTC,84.46187398113591,117988607.22852187,60824.01382569754
2024-09-23 00:00:00 UTC,84.38174023831928,117788224.11205812,54892.25968485739
2024-09-24 00:00:00 UTC,84.65590631302493,118150854.98087199,191533.9344550561
2024-09-25 00:00:00 UTC,85.29722892644574,118836276.0591231,2833388.171738001
2024-09-26 00:00:00 UTC,85.54272139300856,119197482.8975427,191529.8418958043
2024-09-27 00:00:00 UTC,85.67272012036523,119196633.0002057,573420.8208003243
2024-09-28 00:00:00 UTC,85.10072408819366,118397474.59691429,130059.83376627856
2024-09-29 00:00:00 UTC,86.42518703624138,120243541.77922514,21765.213804956125
2024-09-30 00:00:00 UTC,85.65117797511962,119215638.31814545,30969.07047411553
2024-10-01 00:00:00 UTC,84.87952780053789,117961140.92523831,3033733.2635171935
2024-10-02 00:00:00 UTC,85.60601952961596,118692923.43636379,2253341.343665615
2024-10-03 00:00:00 UTC,85.27486764011311,118271587.79281457,160938.93158069323
2024-10-04 00:00:00 UTC,85.4489417012832,118428282.45248736,143622.43267708144
2024-10-05 00:00:00 UTC,85.30568986942264,118225332.3263611,2233791.431488613
2024-10-06 00:00:00 UTC,85.11049990492353,117953914.33149475,48566.94320663702
2024-10-07 00:00:00 UTC,85.31948263234257,118282693.03907698,9885.492650503056
2024-10-08 00:00:00 UTC,84.8376758510711,117651828.47841898,152807.06939817383
2024-10-09 00:00:00 UTC,84.41629232533847,117019117.81344141,89899.26090840234
2024-10-10 00:00:00 UTC,83.91991559296146,116387681.9592483,92329.94804896509
2024-10-11 00:00:00 UTC,84.70153564581362,117441857.2677097,131260.088482251
2024-10-12 00:00:00 UTC,85.59102020654025,118692279.18963763,85320.58788737598
2024-10-13 00:00:00 UTC,85.78232464379937,118957568.23073778,13796.34340757115
2024-10-14 00:00:00 UTC,85.05072720170041,118191847.29706249,15178.107271720597
2024-10-15 00:00:00 UTC,85.27329938425876,118303506.8497499,120986.80283692254
2024-10-16 00:00:00 UTC,85.47102727542917,119443849.59296983,3003280.0547494586
2024-10-17 00:00:00 UTC,85.76477193345278,119911169.27435,202558.05709654567
2024-10-18 00:00:00 UTC,86.6485368163502,121060362.89708307,180699.28372136003
2024-10-19 00:00:00 UTC,88.6065090480263,123912722.73477727,333868.0980379428
2024-10-20 00:00:00 UTC,89.2406275703526,124837180.11165208,69112.59381715703
2024-10-21 00:00:00 UTC,87.88986932680208,122920064.62439199,32715.054808666366
2024-10-22 00:00:00 UTC,87.53404172197695,122458619.90396386,119380.26613897219
2024-10-23 00:00:00 UTC,88.58901921280516,123943374.18344468,277875.39260625397
2024-10-24 00:00:00 UTC,87.59332182534777,122550311.08190319,237831.4908359394
2024-10-25 00:00:00 UTC,88.10108491633842,124908864.74155481,1729583.4289020875
2024-10-26 00:00:00 UTC,88.28698611092295,125480932.05642195,104981.9753733785
2024-10-27 00:00:00 UTC,88.86403882668509,125979572.62913997,147173.39185351017
2024-10-28 00:00:00 UTC,88.26785823404266,125140459.87321994,38427.00072402158
2024-10-29 00:00:00 UTC,88.06601185869758,124859138.50119118,153228.63345601212
2024-10-30 00:00:00 UTC,89.55351410789146,126986081.40453137,322644.2760580014
2024-10-31 00:00:00 UTC,89.44010048672006,127089277.34954485,101080.75561915206
2024-11-01 00:00:00 UTC,88.33838671212851,129295869.46727714,4075507.0344520765
2024-11-02 00:00:00 UTC,87.91760187391147,128526956.44471203,170541.7357465212
2024-11-03 00:00:00 UTC,87.6862877361302,128247111.35787249,39838.843157231975
2024-11-04 00:00:00 UTC,87.2341697503296,127565171.1146958,46547.898397510835
2024-11-05 00:00:00 UTC,88.06593027298602,128781950.47913131,100403.18888203312
2024-11-06 00:00:00 UTC,88.03788186869507,128819665.23448774,105125.10791565487
2024-11-07 00:00:00 UTC,85.68267795586515,125443359.55930367,546499.0227976312
2024-11-08 00:00:00 UTC,87.09904626645731,127182785.68241626,348737.09417596017
2024-11-09 00:00:00 UTC,85.91632518657805,125492431.09137878,178577.94367355478
2024-11-10 00:00:00 UTC,86.92283734030262,126986433.17009309,11457.326512803607
2024-11-11 00:00:00 UTC,86.46469147017574,126117132.36087106,293299.57368662494
2024-11-12 00:00:00 UTC,84.14799863004733,122815142.48429206,435618.5099762032
2024-11-13 00:00:00 UTC,83.60606482064551,121658038.6254362,562977.0730055476
2024-11-14 00:00:00 UTC,83.1294464184477,121127111.0847468,389700.5088472653
2024-11-15 00:00:00 UTC,82.73455006868086,120214094.3324315,917564.4781099773
2024-11-16 00:00:00 UTC,82.25067429003508,119824365.78976367,257025.50896412082
2024-11-17 00:00:00 UTC,82.19290105334613,119580178.50363797,122749.99994660543
2024-11-18 00:00:00 UTC,82.59946541620357,120325914.61271356,196136.56141734132
2024-11-19 00:00:00 UTC,84.05964815580948,121524353.32475704,1133668.0105257886
2024-11-20 00:00:00 UTC,84.75068942261647,122683379.40779394,82559.96774796315
2024-11-21 00:00:00 UTC,85.44953171346444,123407589.36483103,3080296.7021973343
2024-11-22 00:00:00 UTC,85.86300296388904,124147472.40510412,151966.71239664528
2024-11-23 00:00:00 UTC,87.32478533355496,125984605.16861844,774126.9472371056
2024-11-24 00:00:00 UTC,87.45987777994519,126159438.86310616,132543.09230479237
2024-11-25 00:00:00 UTC,88.44373676803056,127807299.23684238,62912.52067962781
2024-11-26 00:00:00 UTC,84.16931166668644,121322707.2517873,1316804.5110656526
2024-11-27 00:00:00 UTC,84.84968053194612,122409169.04882765,177924.76157662185
2024-11-28 00:00:00 UTC,85.93658115710828,123833335.55545643,231888.419591545
2024-11-29 00:00:00 UTC,84.55555816778939,121819207.67547207,387240.51675231
2024-11-30 00:00:00 UTC,84.8255888568084,122404697.51199983,1850584.840382709
2024-12-01 00:00:00 UTC,85.821414463746,123887575.84281427,140553.6377286159
2024-12-02 00:00:00 UTC,84.92974758827918,122595552.78294076,115847.75172561723
2024-12-03 00:00:00 UTC,85.0639814164463,122177052.32514818,228181.48708396291
2024-12-04 00:00:00 UTC,85.45881581523655,123318630.71575335,181145.2776759928
2024-12-05 00:00:00 UTC,85.18301417847303,122801035.93816788,357762.3695636701
2024-12-06 00:00:00 UTC,84.53239672430502,121869068.92508265,343380.8683586141
2024-12-07 00:00:00 UTC,84.72634952468975,121799444.72596379,528682.2590665575
2024-12-08 00:00:00 UTC,84.20881731544786,121140042.39300473,59451.284550512835
2024-12-09 00:00:00 UTC,85.2333093541683,122321250.60155442,136930.764418062
2024-12-10 00:00:00 UTC,85.79172589768133,123185143.7928222,324867.0513074097
2024-12-11 00:00:00 UTC,86.85563259152484,124500174.9951034,86627.42590674295
2024-12-12 00:00:00 UTC,87.38234435700677,125615642.7211719,169751.22785005078
2024-12-13 00:00:00 UTC,86.08961387469543,123696983.17310219,239967.3167807251
2024-12-14 00:00:00 UTC,85.26979082603611,122431165.81471433,99006.44888047951
2024-12-15 00:00:00 UTC,84.84752150914414,121919974.89036337,26387.11592187639
2024-12-16 00:00:00 UTC,85.83495616995172,123591143.54076487,65042.03527252649
2024-12-17 00:00:00 UTC,85.41529504075977,122921469.83272862,296526.944757334
2024-12-18 00:00:00 UTC,84.8605162177312,121975237.38056354,76736.39084421849
2024-12-19 00:00:00 UTC,82.44463024895731,118390750.29021686,298550.5591954336
2024-12-20 00:00:00 UTC,84.66100396177568,121688675.85750827,196200.1170142835
2024-12-21 00:00:00 UTC,84.40067144960177,120951309.61580047,246916.93321610065
2024-12-22 00:00:00 UTC,83.88033981561463,120258084.75405574,26148.957956562666
2024-12-23 00:00:00 UTC,84.11735371579418,120681860.25907084,21649.687746624557
2024-12-24 00:00:00 UTC,84.20068009191995,120846901.39205697,132031.4475484211
2024-12-25 00:00:00 UTC,84.3380342222971,120676531.34981737,164831.5652035688
2024-12-26 00:00:00 UTC,84.32198294270917,121573152.05222356,29909.37657458606
2024-12-27 00:00:00 UTC,84.96484752932489,121787435.22993009,32259.865572167102
2024-12-28 00:00:00 UTC,83.86264247833434,120244478.47054297,105494.2749791536
2024-12-29 00:00:00 UTC,84.65598015138583,121379064.18105008,12053.350536526357
2024-12-30 00:00:00 UTC,84.42580750353304,121104654.91889846,47497.17466101545
2024-12-31 00:00:00 UTC,84.00046339603439,120456850.69304559,8409914.717548229
2025-01-01 00:00:00 UTC,84.4819531618165,121410035.1578947,4240613.661868075
2025-01-02 00:00:00 UTC,84.38218818048655,121058225.53195623,42977.70261798877
2025-01-03 00:00:00 UTC,85.65932409353785,122884178.52432719,216577.16342403862
2025-01-04 00:00:00 UTC,84.629051218352,121388376.97030772,4046680.092873231
2025-01-05 00:00:00 UTC,84.66306364062527,121462111.45394199,121199.86542030533
2025-01-06 00:00:00 UTC,84.77386136210443,121598945.63069087,21513.918636627015
2025-01-07 00:00:00 UTC,84.75144824284502,121556517.4591167,2239127.675598801
2025-01-08 00:00:00 UTC,85.31837982885204,122494670.24310894,2159769.715938449
2025-01-09 00:00:00 UTC,85.60779547833758,122908134.37699476,140411.4847531118
2025-01-10 00:00:00 UTC,85.9614406158865,125427085.66755915,367623.04852367495
2025-01-11 00:00:00 UTC,87.06032820727869,126839545.47472005,1061335.457099127
2025-01-12 00:00:00 UTC,86.98420624439737,125769257.58714674,17746.476745637683
2025-01-13 00:00:00 UTC,87.3856868373846,127447046.6362332,18829.08742437363
2025-01-14 00:00:00 UTC,85.8814609459113,125567825.48211572,1629368.5098678707
2025-01-15 00:00:00 UTC,86.12322534764736,125612307.54613931,2648741.986210426
2025-01-16 00:00:00 UTC,86.9178999136269,126867965.49204476,3366392.4345521145
2025-01-17 00:00:00 UTC,86.6548639266882,126514418.8941197,231265.7833634137
2025-01-18 00:00:00 UTC,87.48211394567963,127288993.03949441,109787.43112024714
2025-01-19 00:00:00 UTC,86.79563015828326,126600307.2504068,72521.13598281537
2025-01-20 00:00:00 UTC,87.90481183049243,128237387.00315392,62912.4347922076
2025-01-21 00:00:00 UTC,86.86448601020172,126725256.64301533,625012.9050478499
2025-01-22 00:00:00 UTC,88.55541008967938,127712893.09262654,1934874.4913586315
2025-01-23 00:00:00 UTC,88.42941236712568,127551797.57119387,217869.12711506162
2025-01-24 00:00:00 UTC,88.82485189548571,128393875.64979094,107960.43968988236
2025-01-25 00:00:00 UTC,89.30037802728117,128612139.719057,155491.75632939916
2025-01-26 00:00:00 UTC,88.55968454256954,128056909.67039756,31123.06408357096
2025-01-27 00:00:00 UTC,88.4587169011128,127809280.52126473,53932.90003378941
2025-01-28 00:00:00 UTC,88.40187484875382,127686531.93024571,141480.9649040527
2025-01-29 00:00:00 UTC,89.08228572678037,128713624.85455611,103690.3897558727
2025-01-30 00:00:00 UTC,88.58166057380132,127974502.05940159,1392874.6334695297
2025-01-31 00:00:00 UTC,89.74923987026818,129560311.26123522,77669.30566757522
2025-02-01 00:00:00 UTC,90.1707224035079,130187207.66370343,144354.3317686974
2025-02-02 00:00:00 UTC,88.51946431060995,128068588.41044806,94848.15126652893
2025-02-03 00:00:00 UTC,89.90465240123558,129773602.93843602,253785.3052494446
2025-02-04 00:00:00 UTC,90.37275132384825,130607568.72376947,460376.5237994522
2025-02-05 00:00:00 UTC,91.45766327055627,130810892.66787423,92459.07661813959
2025-02-06 00:00:00 UTC,92.52532095241949,133508086.97431609,300746.3776153829
2025-02-07 00:00:00 UTC,92.05051819068407,133046483.83466953,88549.94527670812
2025-02-08 00:00:00 UTC,91.96933321291945,132931046.40513578,137837.60537788787
2025-02-09 00:00:00 UTC,92.85183918955562,134234101.16074196,49719.07789620564
2025-02-10 00:00:00 UTC,92.84265070813214,134228485.3801282,66783.12742155071
2025-02-11 00:00:00 UTC,93.80763580951059,135475771.35566714,448845.42266399984
2025-02-12 00:00:00 UTC,92.19579247471829,132548100.82271327,772890.3730293729
2025-02-13 00:00:00 UTC,93.54386324294909,134190696.08574611,469554.0862479413
2025-02-14 00:00:00 UTC,94.73341360191168,135756204.11003074,151219.4757518283
2025-02-15 00:00:00 UTC,93.0957862113102,133597309.43785278,1370024.9272939283
2025-02-16 00:00:00 UTC,93.04269247181992,133273617.91213757,23232.09900551866
2025-02-17 00:00:00 UTC,92.68223565003129,132966812.84575434,99710.04899137122
2025-02-18 00:00:00 UTC,93.29120825335455,133853540.29019395,64435.66899355203
2025-02-19 00:00:00 UTC,94.6589061389371,135940246.89794654,283471.01748656126
2025-02-20 00:00:00 UTC,94.25559652347354,135244551.27466124,4090244.7968792343
2025-02-21 00:00:00 UTC,94.65697969688351,135835703.4437351,4850988.575835716
2025-02-22 00:00:00 UTC,94.95529417760255,135500064.81234863,2897180.976088344
2025-02-23 00:00:00 UTC,95.22688703725011,136679808.18557435,74740.6194542038
2025-02-24 00:00:00 UTC,94.60055665119577,135664991.8584954,88299.63647561787
2025-02-25 00:00:00 UTC,94.76958839857954,136060124.964188,4440282.387117062
2025-02-26 00:00:00 UTC,93.83451752011715,134755347.50502983,5716220.40691764
2025-02-27 00:00:00 UTC,93.9609583304672,134657093.1539655,3146966.872678859
2025-02-28 00:00:00 UTC,92.66545635531153,132898120.23709343,4547355.229162157
2025-03-01 00:00:00 UTC,92.87583146466973,133266357.1553671,2968886.3502649753
2025-03-02 00:00:00 UTC,92.7854787531429,133159411.82792354,91291.28586752126
2025-03-03 00:00:00 UTC,92.0190507764888,132081966.16895764,205623.01109949098
2025-03-04 00:00:00 UTC,92.98306832543523,133422649.07105058,150380.1003287586
2025-03-05 00:00:00 UTC,93.84073189208203,134694938.8954075,13945423.889321584
2025-03-06 00:00:00 UTC,93.76848304968878,134555952.6236976,17180145.3852519
2025-03-07 00:00:00 UTC,93.18094632521908,133599010.73177697,14550076.164278334
2025-03-08 00:00:00 UTC,93.14276931463992,133928513.19837593,44553747.373060025
2025-03-09 00:00:00 UTC,93.47456598351398,134082019.94633345,231418.59909100275
2025-03-10 00:00:00 UTC,93.9989030737678,134886622.41877127,41192910.58828073
2025-03-11 00:00:00 UTC,92.62750119487546,132878721.22851428,7888451.030563293
2025-03-12 00:00:00 UTC,93.84996968728731,134600391.4005628,48542779.58926049
2025-03-13 00:00:00 UTC,94.5464472608737,135540481.37988722,36810528.756633
2025-03-14 00:00:00 UTC,96.10167579235302,137980042.27168772,62921012.93783691
2025-03-15 00:00:00 UTC,95.51947038900742,137114740.93954208,147085461.64865345
2025-03-16 00:00:00 UTC,96.56366359348831,138618991.57414773,694229.4349077488
2025-03-17 00:00:00 UTC,96.203361561621,137973639.27512455,11306306.36077445
2025-03-18 00:00:00 UTC,96.57912540361401,138587561.63883823,20095747.78318405
2025-03-19 00:00:00 UTC,97.80736156790556,140320687.01562092,17449806.37468625
2025-03-20 00:00:00 UTC,98.0687290388621,140732193.0414557,23461228.956030857
2025-03-21 00:00:00 UTC,98.0126399317276,140646235.34741977,19789475.945079
2025-03-22 00:00:00 UTC,96.69800587047766,138780816.4355906,21318396.8506818
2025-03-23 00:00:00 UTC,97.29683994263819,139725463.35346457,117531.13989383436
2025-03-24 00:00:00 UTC,97.3641812145785,139760298.66483498,2384542.1490027714
2025-03-25 00:00:00 UTC,96.97690178184465,138847339.31532863,20335334.04955486
2025-03-26 00:00:00 UTC,97.19703718290123,139475876.2580492,22268997.386310097
2025-03-27 00:00:00 UTC,97.12974136430623,139379278.8534551,25311238.68306884
2025-03-28 00:00:00 UTC,98.25055132424143,140987633.57653227,25499959.17425927
2025-03-29 00:00:00 UTC,98.70763500884249,141643540.7695607,24103781.726335604
2025-03-30 00:00:00 UTC,98.53759895802078,141399541.357861,172053.06358368768
2025-03-31 00:00:00 UTC,99.37290215032763,142598180.73931813,3521370.2656603903
2025-04-01 00:00:00 UTC,100.47846688269499,144184640.60328108,17047670.44499448
2025-04-02 00:00:00 UTC,100.114675791995,143662580.6963042,12413424.84260344
2025-04-03 00:00:00 UTC,101.42546452274969,145543029.58725098,33838095.30261457
2025-04-04 00:00:00 UTC,100.1382039781626,143694738.5026333,28622092.390161812
2025-04-05 00:00:00 UTC,97.23885032148306,139535858.63402656,29402679.91361761
2025-04-06 00:00:00 UTC,96.84614489626277,138997775.81756422,227173.15762250026
2025-04-07 00:00:00 UTC,95.99514268571355,137752064.08185035,13003256.177964458
2025-04-08 00:00:00 UTC,95.86319535572825,137652033.05635878,37342679.07828217
2025-04-09 00:00:00 UTC,95.65475732924212,137877566.84809947,36056295.69000773
2025-04-10 00:00:00 UTC,99.20042424274695,142463480.46423262,36136544.94906165
2025-04-11 00:00:00 UTC,102.49996407736512,147085446.76667252,42585303.71048641
2025-04-12 00:00:00 UTC,103.59143287793925,148651692.78274876,35671116.44927895
2025-04-13 00:00:00 UTC,103.78378952020694,148927956.19939065,194115.9630138961
2025-04-14 00:00:00 UTC,103.55619498398403,148601129.21706894,27766544.35158991
2025-04-15 00:00:00 UTC,103.26007079987802,148176212.4535284,81891962.80420186
2025-04-16 00:00:00 UTC,104.30628757819473,149507077.0189216,42637107.15123414
2025-04-17 00:00:00 UTC,107.86694291158416,154786968.7982798,49728568.44774161
2025-04-18 00:00:00 UTC,106.39861571144068,152679243.03704083,51180366.57658972
2025-04-19 00:00:00 UTC,107.11804325778573,153712312.3352654,436143.70385018375
2025-04-20 00:00:00 UTC,107.71241083076725,154565321.78159562,117008.2189503622
2025-04-21 00:00:00 UTC,107.5351689348827,154310489.78009015,548383.9102288528
2025-04-22 00:00:00 UTC,110.40576154052891,158563381.6572283,41374972.341220535
2025-04-23 00:00:00 UTC,107.4582358532716,154198242.91190696,36830196.51506343
2025-04-24 00:00:00 UTC,106.62048739310286,152999705.82396188,49004888.60539909
2025-04-25 00:00:00 UTC,107.80771558739671,154701983.33142257,51790934.248867534
2025-04-26 00:00:00 UTC,107.26456172227068,153924328.33915403,50992826.45071728
2025-04-27 00:00:00 UTC,107.59112133308757,154098123.40354332,146829.11901712263
2025-04-28 00:00:00 UTC,106.28514621172914,152346981.03907853,23112672.574144453
2025-04-29 00:00:00 UTC,107.34423677345019,154039804.51220852,54740572.17523894
2025-04-30 00:00:00 UTC,106.50748833339367,152835944.53719565,55244031.21620674
2025-05-01 00:00:00 UTC,105.32972536309912,151146110.87106484,54458837.797109306
2025-05-02 00:00:00 UTC,104.07735020715842,149346703.98639014,43570981.76225469
2025-05-03 00:00:00 UTC,103.67972856935009,148778397.5136152,52298610.28987823
2025-05-04 00:00:00 UTC,103.70111170727436,148809834.32350796,277985.27761639043
2025-05-05 00:00:00 UTC,104.50909292656792,149968499.55923817,27269553.350621518
2025-05-06 00:00:00 UTC,107.22924127871669,153871880.0981012,63915127.40473223
2025-05-07 00:00:00 UTC,109.07318980501975,156514676.02606985,68584620.12927341
2025-05-08 00:00:00 UTC,108.5595585080319,155695397.07026407,63280961.11666883
2025-05-09 00:00:00 UTC,106.5969562175802,152993168.766354,63259416.95610181
2025-05-10 00:00:00 UTC,106.97876902561246,153512432.74779058,63466843.00328877
2025-05-11 00:00:00 UTC,107.51666535526249,154284327.30573702,395001.1774703848
2025-05-12 00:00:00 UTC,105.51357787072408,151409935.65616915,23982157.713655144
2025-05-13 00:00:00 UTC,104.14869432919006,149451354.428591,64374672.03924316
2025-05-14 00:00:00 UTC,104.57974554551042,150069936.64876604,65960242.78732983
2025-05-15 00:00:00 UTC,102.45031563293658,147014199.44387642,64571081.03756187
2025-05-16 00:00:00 UTC,104.40585618392828,149820376.5424768,64273428.43450663
2025-05-17 00:00:00 UTC,103.21588428983401,148112789.97823194,64447870.26188184
2025-05-18 00:00:00 UTC,101.8041151603538,146086928.68749022,969052.0826622642
2025-05-19 00:00:00 UTC,103.75262734238503,148883005.83756158,36209354.57111532
2025-05-20 00:00:00 UTC,103.63325355875173,148711701.97447833,74942835.65676211
2025-05-21 00:00:00 UTC,105.84418032315736,151884250.9788119,93390078.50489418
2025-05-22 00:00:00 UTC,106.56156400672639,152913775.4142624,111602170.48960307
2025-05-23 00:00:00 UTC,106.0772840044028,152218837.18015134,84622304.46715136
2025-05-24 00:00:00 UTC,107.49944000843851,154259609.2674817,79735693.8231666
2025-05-25 00:00:00 UTC,107.54348301255732,154321694.6931457,68614.63263334916
2025-05-26 00:00:00 UTC,107.61033192620552,154418737.0164664,30682628.24931972
2025-05-27 00:00:00 UTC,107.64088947160245,154462585.59165,75451041.15549436
2025-05-28 00:00:00 UTC,106.42520926349003,152718109.00510022,81424972.18214646
2025-05-29 00:00:00 UTC,104.95824631796052,150613045.65993777,91469177.99341187
2025-05-30 00:00:00 UTC,106.5892200092752,152953461.24096775,88656649.31142457
2025-05-31 00:00:00 UTC,105.17093277040215,150918242.71021926,88325031.44685611
2025-06-01 00:00:00 UTC,105.25863705066914,151044100.52916837,447019.58367721795
2025-06-02 00:00:00 UTC,106.50996683072228,152839734.46858886,25823013.4425716
2025-06-03 00:00:00 UTC,108.90225390837551,156270358.8157206,92796422.6737627
2025-06-04 00:00:00 UTC,108.0163898826911,155001189.97059354,105943836.65902713
2025-06-05 00:00:00 UTC,108.58985128760443,155738290.6796011,107131194.22814031
2025-06-06 00:00:00 UTC,107.98706304622594,154959547.19833788,112533705.895023
2025-06-07 00:00:00 UTC,107.07733012949663,153653889.7866322,114181723.2400658
2025-06-08 00:00:00 UTC,107.1120771684564,153703751.11291188,763054.9519534648
2025-06-09 00:00:00 UTC,106.56750346096396,152922302.63066217,40482062.46442942
2025-06-10 00:00:00 UTC,106.97605198845065,153454496.43300655,98544913.07172152
2025-06-11 00:00:00 UTC,106.929644948901,153441960.59963077,117234614.60654876
2025-06-12 00:00:00 UTC,108.11336236441191,155140575.90024063,134238172.83640862
2025-06-13 00:00:00 UTC,109.13801170262144,156311789.22477508,128004065.13582912
2025-06-14 00:00:00 UTC,109.92585943313365,157741477.32337952,125304205.45301993
2025-06-15 00:00:00 UTC,109.94573267092065,157769125.35837916,652611.8540173377
2025-06-16 00:00:00 UTC,110.77153967272504,158955008.75660902,46744953.30439945
2025-06-17 00:00:00 UTC,109.19784202323933,156530401.7476915,136333402.21014002
2025-06-18 00:00:00 UTC,108.90384369688955,156274941.69293952,147677899.99102727
2025-06-19 00:00:00 UTC,108.5056531863285,155703505.18072897,144352607.0872262
2025-06-20 00:00:00 UTC,108.41954877884801,155579950.40633586,117541024.84237964
2025-06-21 00:00:00 UTC,107.81218125364735,154708386.88235995,124292818.82558627
2025-06-22 00:00:00 UTC,108.06256682023388,155063454.40518975,110241.59254698706
2025-06-23 00:00:00 UTC,108.45181028620694,155626213.50886828,38974896.51878224
2025-06-24 00:00:00 UTC,107.70134841155122,154549340.03417686,109664603.45517379
2025-06-25 00:00:00 UTC,106.8885736708325,153383027.93323138,139241109.43128577
2025-06-26 00:00:00 UTC,107.34964299741705,154044653.65144804,139332017.2968141
2025-06-27 00:00:00 UTC,106.75345879531781,153189063.27082282,139855420.70151225
2025-06-28 00:00:00 UTC,105.68090780987013,151650050.8700661,137712342.18724298
2025-06-29 00:00:00 UTC,104.845733054577,150451591.31147245,646493.3058924718
2025-06-30 00:00:00 UTC,105.15099989847289,150847303.6655087,118006.64839805092
2025-07-01 00:00:00 UTC,106.56485123098588,152918492.51697782,148690970.55403745
2025-07-02 00:00:00 UTC,107.44934047181067,154030503.02767944,91861627.79394326
2025-07-03 00:00:00 UTC,107.72145371663987,154578194.66865245,92516121.4140037
2025-07-04 00:00:00 UTC,107.09238356616191,153689513.30596513,87877947.65241805
2025-07-05 00:00:00 UTC,107.30454034767965,153979931.96955186,80735769.59688309
2025-07-06 00:00:00 UTC,107.8519626929453,154765579.74148515,192963.05104483495
2025-07-07 00:00:00 UTC,107.55304056155465,154336525.02052712,182342.96042873067
2025-07-08 00:00:00 UTC,107.26903206552325,153928978.34286064,87781860.66451079
2025-07-09 00:00:00 UTC,106.1302467704969,152294843.59218362,87541706.71713138
2025-07-10 00:00:00 UTC,106.63150931788955,153014240.0064972,87822699.87756358
2025-07-11 00:00:00 UTC,106.92909837535072,153441169.9332229,78253487.14401463
2025-07-12 00:00:00 UTC,108.24791130923988,155333651.0522619,74371662.19055717
2025-07-13 00:00:00 UTC,108.35996115863013,155494309.45949256,739448.0803619752
2025-07-14 00:00:00 UTC,108.34017534564651,155353533.37198496,359819.088274843
2025-07-15 00:00:00 UTC,107.52358807046897,154294261.2675222,28391641.377145
2025-07-16 00:00:00 UTC,107.08069438359743,153658784.30291402,19429617.49279611
2025-07-17 00:00:00 UTC,107.76389553899236,154639097.81729102,21622603.8773895
2025-07-18 00:00:00 UTC,107.43947595965598,154173571.33757252,21826344.105107483
2025-07-19 00:00:00 UTC,107.21207852279836,153847251.29686555,20553688.842839625
2025-07-20 00:00:00 UTC,108.03875416389468,155032370.54716992,157590.46111119533
2025-07-21 00:00:00 UTC,106.47763439791895,152808759.42045668,99811.42917074503
2025-07-22 00:00:00 UTC,109.1816133769154,156673991.24679524,24684116.49455549
2025-07-23 00:00:00 UTC,110.18284799820435,158110247.43398395,14784886.414968407
2025-07-24 00:00:00 UTC,109.13979864492158,156613468.47696218,15469481.898245351
2025-07-25 00:00:00 UTC,108.26991379091243,155367290.98505962,19206109.976301484
2025-07-26 00:00:00 UTC,108.0089912660517,154566521.4003439,323839.74132567033
2025-07-27 00:00:00 UTC,108.44792899503257,155620672.547951,235561.1047659256
2025-07-28 00:00:00 UTC,107.26958349054422,153645420.8358215,106138.7984029818
2025-07-29 00:00:00 UTC,106.75022511542305,153184236.35050812,1434374.1569477636
2025-07-30 00:00:00 UTC,107.1019780018241,153689259.0048739,14155260.993137147
2025-07-31 00:00:00 UTC,105.59958922732511,151532937.7700211,18343946.42136856
2025-08-01 00:00:00 UTC,105.81087889522072,151839603.75890893,408800.6355833375
2025-08-02 00:00:00 UTC,107.59993423746697,154403818.82025144,18163765.076532997
2025-08-03 00:00:00 UTC,108.18893063010653,155249014.92283908,298787.3200071819
2025-08-04 00:00:00 UTC,107.66568648341877,154503873.77155244,61282.52828168983
2025-08-05 00:00:00 UTC,108.57969748620374,155809424.59344557,19475595.467962746
2025-08-06 00:00:00 UTC,108.79774135031069,156122646.48602828,18514103.266202815
2025-08-07 00:00:00 UTC,108.40100618779499,155553329.67162168,14792239.044261781
2025-08-08 00:00:00 UTC,109.39370626860158,156977842.8084338,19276869.528198656
2025-08-09 00:00:00 UTC,109.83545561459206,156025995.06938937,18457841.449025974
2025-08-10 00:00:00 UTC,109.84942482816385,157631674.37406874,280170.54666071787
2025-08-11 00:00:00 UTC,108.44071049279556,155568683.37979445,105504.52742569393
2025-08-12 00:00:00 UTC,107.75465058331879,154625831.392617,13435437.62796263
2025-08-13 00:00:00 UTC,107.84673861199514,154748872.98314056,1376754.6343792174
2025-08-14 00:00:00 UTC,107.90708336820137,154844569.57418245,15155822.299404247
2025-08-15 00:00:00 UTC,107.19768245299953,153892713.5177571,1089824.7243355075
2025-08-16 00:00:00 UTC,106.7608125727941,153199610.62386262,18809452.952281084
2025-08-17 00:00:00 UTC,107.92448351497619,154869195.32126525,180797.04430556417
2025-08-18 00:00:00 UTC,105.53341707416162,151438404.52791604,33045.03237140388
2025-08-19 00:00:00 UTC,107.18023076085991,153801559.64520746,18023521.624669574
2025-08-20 00:00:00 UTC,106.69261720788663,153101772.43666625,9790118.84307324
2025-08-21 00:00:00 UTC,107.60544838265555,154411836.48021123,19147569.13758623
2025-08-22 00:00:00 UTC,107.35621448651628,154054080.4493047,18278649.751121797
2025-08-23 00:00:00 UTC,107.90083821047453,154835607.89418426,18000066.474878494
2025-08-24 00:00:00 UTC,107.92704278871763,154877763.7904211,106616.70487274734
2025-08-25 00:00:00 UTC,107.87073056367183,154792335.31672132,46836.98359715734
2025-08-26 00:00:00 UTC,108.18706626520073,155246395.1199149,17301276.58980759
2025-08-27 00:00:00 UTC,109.22580889248177,156661424.98658776,449532.55430747825
2025-08-28 00:00:00 UTC,109.16972496294186,156656435.74794343,21023471.45110056
2025-08-29 00:00:00 UTC,109.80041732624744,157561620.55759698,7096670.107264398
2025-08-30 00:00:00 UTC,110.39154132550276,158409718.50616494,20648386.44059941
2025-08-31 00:00:00 UTC,111.2968384977527,159713028.5934685,131522.4489324791
2025-09-01 00:00:00 UTC,111.07970579067667,159398274.94168106,91706.14334223521
2025-09-02 00:00:00 UTC,111.74835805749497,160352104.13929752,19553016.591831937
2025-09-03 00:00:00 UTC,113.41384785247882,162746663.11949468,731321.7827533737
2025-09-04 00:00:00 UTC,114.41040608780683,164163516.6694424,41547274.05923233
2025-09-05 00:00:00 UTC,114.31196708993593,164035453.3614922,568331.1147642527
2025-09-06 00:00:00 UTC,115.36682550214802,165549428.84705094,21473257.26297432
2025-09-07 00:00:00 UTC,115.17332353845951,165271425.2798037,109672.27891862344
2025-09-08 00:00:00 UTC,115.55481919137684,165827615.8427803,207089.27658586073
2025-09-09 00:00:00 UTC,116.90509349513789,167756420.1476472,20621901.33961006
2025-09-10 00:00:00 UTC,116.59523376642807,167311896.71172252,25116392.914517347
2025-09-11 00:00:00 UTC,117.17879969224025,168149303.7879793,21061325.776680734
2025-09-12 00:00:00 UTC,116.9494817526882,167820236.5847017,17802105.867337324
2025-09-13 00:00:00 UTC,117.12506524219586,168071862.9755803,12194447.702643158
